<application>
  <component name="CPPToolchains" version="9">
    <toolchains detectedVersion="5">
      <toolchain name="Visual Studio2022" toolSetKind="MSVC" toolSetPath="D:\vs2022" debuggerKind="BUNDLED_LLDB">
        <toolSetOption type="msvc.arch" value="amd64" />
      </toolchain>
      <toolchain name="Visual Studio2017" toolSetKind="MSVC" toolSetPath="D:\vs2017_EnterPrise" debuggerKind="BUNDLED_LLDB">
        <toolSetOption type="msvc.arch" value="amd64" />
      </toolchain>
      <toolchain name="MinGW" toolSetKind="MINGW" toolSetPath="D:\mingw64" debuggerKind="CUSTOM_GDB" customGDBPath="D:\mingw64\bin\gdb.exe" />
    </toolchains>
  </component>
</application>