<toolSet name="External Tools">
  <tool name="QtDesigner" showInMainMenu="false" showInEditor="false" showInProject="false" showInSearchPopup="false" disabled="false" useConsole="true" showConsoleOnStdOut="false" showConsoleOnStdErr="false" synchronizeAfterRun="true">
    <exec>
      <option name="COMMAND" value="D:\Qt\Qt5.14.2\5.14.2\msvc2017_64\bin\designer.exe" />
      <option name="PARAMETERS" value="$FileName$" />
      <option name="WORKING_DIRECTORY" value="$FileDir$" />
    </exec>
  </tool>
  <tool name="UIC" description="program" showInMainMenu="false" showInEditor="false" showInProject="false" showInSearchPopup="false" disabled="false" useConsole="true" showConsoleOnStdOut="false" showConsoleOnStdErr="false" synchronizeAfterRun="true">
    <exec>
      <option name="COMMAND" value="D:\Qt5.12.9\5.12.9\msvc2017_64\bin\uic.exe" />
      <option name="PARAMETERS" value="$FileName$ -o ui_$FileNameWithoutExtension$.h" />
      <option name="WORKING_DIRECTORY" value="$FileDir$" />
    </exec>
  </tool>
  <tool name="qmlscene5.12.9" showInMainMenu="false" showInEditor="false" showInProject="false" showInSearchPopup="false" disabled="false" useConsole="true" showConsoleOnStdOut="false" showConsoleOnStdErr="false" synchronizeAfterRun="true">
    <exec>
      <option name="COMMAND" value="D:\Qt\Qt5.14.2\5.14.2\msvc2017_64\bin\qmlscene.exe" />
      <option name="PARAMETERS" value="$FileName$" />
      <option name="WORKING_DIRECTORY" value="$FileDir$" />
    </exec>
  </tool>
  <tool name="qmlscene6.4.3" showInMainMenu="false" showInEditor="false" showInProject="false" showInSearchPopup="false" disabled="false" useConsole="true" showConsoleOnStdOut="false" showConsoleOnStdErr="false" synchronizeAfterRun="true">
    <exec>
      <option name="COMMAND" value="D:\Qt\Qt6.4.3\install\bin\qmlscene.exe" />
      <option name="PARAMETERS" value="$FileName$" />
      <option name="WORKING_DIRECTORY" value="$FileDir$" />
    </exec>
  </tool>
</toolSet>